{
  "lr_A": 0.41000000000000003,
  "rf_A": 0.54,
  "gbm_A": 0.43000000000000005,
  "lr_B": 0.42000000000000004,
  "rf_B": 0.56,
  "gbm_B": 0.41000000000000003
}